ID,Name,Title
ID20210001,Name 001,Task Title 001
ID20210002,Name 002,Task Title 002
ID20210003,Name 003,Task Title 003
ID20210004,Name 004,Task Title 004
ID20210005,Name 005,Task Title 005
ID20210006,Name 006,Task Title 006
ID20210007,Name 007,Task Title 007
ID20210008,Name 008,Task Title 008
ID20210009,Name 009,Task Title 009
ID20210010,Name 010,Task Title 010
ID20210011,Name 011,Task Title 011
ID20210012,Name 012,Task Title 012
ID20210013,Name 013,Task Title 013
ID20210014,Name 014,Task Title 014
ID20210015,Name 015,Task Title 015
ID20210016,Name 016,Task Title 016
ID20210017,Name 017,Task Title 017
ID20210018,Name 018,Task Title 018
ID20210019,Name 019,Task Title 019
ID20210020,Name 020,Task Title 020
ID20210021,Name 021,Task Title 021
ID20210022,Name 022,Task Title 022
ID20210023,Name 023,Task Title 023
ID20210024,Name 024,Task Title 024
ID20210025,Name 025,Task Title 025
ID20210026,Name 026,Task Title 026
ID20210027,Name 027,Task Title 027
ID20210028,Name 028,Task Title 028
ID20210029,Name 029,Task Title 029
ID20210030,Name 030,Task Title 030
ID20210031,Name 031,Task Title 031
ID20210032,Name 032,Task Title 032
ID20210033,Name 033,Task Title 033
ID20210034,Name 034,Task Title 034
ID20210035,Name 035,Task Title 035
ID20210036,Name 036,Task Title 036
ID20210037,Name 037,Task Title 037
ID20210038,Name 038,Task Title 038
ID20210039,Name 039,Task Title 039
ID20210040,Name 040,Task Title 040
ID20210041,Name 041,Task Title 041
ID20210042,Name 042,Task Title 042
ID20210043,Name 043,Task Title 043
ID20210044,Name 044,Task Title 044
ID20210045,Name 045,Task Title 045
ID20210046,Name 046,Task Title 046
ID20210047,Name 047,Task Title 047
ID20210048,Name 048,Task Title 048
ID20210049,Name 049,Task Title 049
ID20210050,Name 050,Task Title 050
